anime,679,198280,0.5350665725237038,0.12909521888238853,0.03277183780512407,0.003263062336090377,0.011186201331450474,0.01296651200322776,0.007847488400242082,0.07369880976397014,0.12687613475892678,0.08482953399233407,0.02681057090982449,0.07966512003227759,0.009345370183578778,0.05002017349203147,0.12382489408916683,0.06685495259229372,0.016532176719790195,0.03672584224329231,0.008614081097437967,9.632842445027234E-4,0.06463586846883196,0.0010036312285656647,4.488601977002219E-4,0.006586645148275167,0.04160278394190034,0.02946338511196288,0.01160480129110349,0.0010238047205971355,0.004826507968529352,0.0022896913455719187,0.15320758523300385,0.019099253580794836,0.014706475690942102,0.01870082711317329,0.03337704256606819,0.012088965099858786,0.0029201129715553764,0.015044381682469235,0.007196893282227153,0.00280411539237442,6.909421020778696E-4,0.09990921928585839,0.011186201331450474,0.046837805124066975,0.038748234819447246,0.006541254791204357,0.011166027839419003,0.011781319346378858,0.001432317934234416,0.0021383901553358887,0.002163607020375227,0.0020526528142021383,0.001760137179745814,0.0020123058301391972,0.004327214040750454,0.009975791809562234
hockey,249,59702,0.4460152088707246,0.08942748986633614,0.01705135506348196,0.005359954440387256,0.014656125422933906,0.007788683796187732,0.00664969347760544,0.0706006498944759,0.10736658738400724,0.0697799068707916,0.02428729355800476,0.06153897691869619,0.011121905463803558,0.03212622692707112,0.11855549227831563,0.05066831931928579,0.014572376134802854,0.027302267930722587,0.012177146494254798,0.0011892398914609226,0.06495594787444307,5.862450169173562E-4,2.8474757964557304E-4,0.003215972664232354,0.03460520585575023,0.02368429868346119,0.010853907741784194,3.1824729489799336E-4,0.007051690060634485,0.0013734883253492345,0.11540651904458812,0.010669659307895882,0.011222404609560819,0.014840373856822218,0.022176811497102274,0.007286188067401427,0.0023449800676694247,0.010267662724866839,0.006163947606445345,0.004003215972664232,2.8474757964557304E-4,0.11135305349904526,0.017604100365146896,0.05287930052594553,0.04056815517068105,0.013282637097584671,0.02257880808013132,0.02465579042578138,9.379920270677699E-4,0.0035342199591303475,4.522461559076748E-4,5.024957287863053E-4,9.714917423201902E-4,0.0013734883253492345,0.0025124786439315264,0.005996449030183243
StarWarsBattlefront,239,53476,0.5661418206298152,0.1371456354252375,0.04310344827586207,0.00523599371680754,0.015502281397262323,0.0038708953549255742,0.007592190889370932,0.07771710673947191,0.14707532350961178,0.10010097987882415,0.025450669459196648,0.09106889071733114,0.015390081531902161,0.05406163512603785,0.12686064776722267,0.07049891540130152,0.015203081756301893,0.03468845837384995,0.008433689879572144,0.0013463983843219388,0.06384172338993194,2.4309970828035007E-4,0.001065898720921535,0.0044318946817263815,0.05048993941207271,0.03322986012416785,0.016998279602064476,5.796993043608347E-4,0.01095818685017578,0.0020569975316029623,0.1655509013389184,0.016100680679183185,0.017129179444984665,0.02775076669907996,0.03369735956316852,0.012267185279377665,0.0032350961178846584,0.013781883461739846,0.005105093873887351,0.0024870970154835816,3.739995512005386E-4,0.11857655770813075,0.01303388435933877,0.059241528910165306,0.04200014959982048,0.008489789812252225,0.017203979355224774,0.020233375719949136,5.609993268008078E-4,0.003440795871044955,5.609993268008078E-4,0.0022626972847632583,0.0020382975540429353,0.0013463983843219388,0.004469294636846435,0.010397187523374972
polyamory,361,141241,0.6393752522284606,0.2126861180535397,0.0823132093372321,0.01748075983602495,0.00446046119752763,0.03610141531141807,0.006428728202150934,0.048711068315857295,0.17524656438286335,0.11369219985698203,0.049482798904000966,0.10295169249722107,0.008085470932661196,0.059416175189923606,0.1358458238047026,0.07977145446435525,0.020581842382877493,0.03377914344984813,0.007462422384435115,9.133325309223242E-4,0.12012092805913298,0.004063975757747396,0.005352553437033156,0.011490997656487848,0.04480993479230535,0.03147811187969499,0.012609653004439222,0.002619635941405116,0.0028886796326845605,0.003150643226825072,0.19693998201655327,0.02500690309471046,0.013735388449529528,0.024794500180542477,0.029552325457905284,0.01374246854666846,0.0026337961356829817,0.01614262147676666,0.012708774364384279,0.002562995164293654,8.566917538108623E-4,0.12445394750815982,0.01433719670633881,0.053341451844719306,0.05378041786733314,0.00554371605978434,0.011023711245318285,0.0039577743006634055,0.0024638738043485956,0.0019753471017622364,3.964854397802338E-4,2.902839826962426E-4,0.0020249077817347653,0.0013452184563972217,0.00494898790011399,0.011349395713709192
DotA2,1982,458927,0.5275937131613525,0.1312910332144328,0.03903670954204046,0.00565013607828696,0.016449239203620618,0.007589442329607977,0.008108043327152249,0.06390558847049749,0.1358821773397512,0.08806847276364214,0.023803349988124473,0.08947610404269088,0.01095381182628174,0.050079860195630245,0.11937192625406655,0.06834638188644382,0.017983252238373423,0.03297038526824528,0.006822435812231575,0.0018194614829809535,0.07202234778080174,5.011690312402626E-4,5.207799933322728E-4,0.0038481065616100163,0.04996001542729018,0.03438455353465802,0.015359741309620048,6.580567279763449E-4,0.007107884260459724,0.0039657723341620784,0.1581994522004589,0.015089545831907906,0.017547453080773195,0.022219220050247644,0.03141240327982446,0.012200197417018393,0.004007173254134099,0.010661826390689588,0.006103367202191198,0.002181174783789143,0.0010938558855765731,0.10755305309994836,0.012426812978970511,0.048371527497837345,0.04290878505731848,0.010454821790829478,0.02291867769819601,0.020184037984254576,5.774338838203026E-4,0.005297138760630776,0.001939306251321016,0.0018194614829809535,0.0016342468410008564,0.0011003928729405765,0.0038633595321260245,0.010334977022489415
Drugs,1918,614508,0.5986138504299374,0.18081457035547138,0.09386370885326147,0.005368522460244618,0.006211473243635559,0.008564575237425712,0.005423851276142866,0.059276689644398445,0.16302635604418494,0.10133147168141017,0.05445006411633372,0.08811113931795843,0.00889492081470054,0.058414211043631654,0.12964192492205145,0.07749777057418292,0.01797698321258633,0.0326000637908701,0.008234229660150885,0.0033864489965956504,0.05273487082348806,0.0013425374445898183,0.0020211290984006717,0.004198480735808158,0.04087009444954338,0.026531794541324115,0.013934725015784986,0.0016940381573551525,0.005475925455811804,0.0020911037773308078,0.1767983492485045,0.022956576643428563,0.013693881934816146,0.022504182207554662,0.03251707056702272,0.014543341990665704,0.003703776028953244,0.019950920085662027,0.02318440117948017,0.008069870530570799,0.004237536370559862,0.1360177572952671,0.019602674009126,0.05794554342661121,0.055198630449074707,0.006914474669166227,0.011262668671522584,0.005682594856372903,0.003957637654839319,0.0025353616226314385,9.16180098550385E-4,9.031615536331504E-4,0.001962545646273116,0.0011098309541942497,0.0059250652554563975,0.01219837658744882
pcmasterrace,3446,649905,0.5243397111885584,0.14544895023118765,0.07314761388202891,0.0023865026426939323,0.007841146013648149,0.002745016579346212,0.00416984020741493,0.061864426339234196,0.1399896908009632,0.09377216670128712,0.026616197751979136,0.09065171063463122,0.011717097114193612,0.048111647086881926,0.11356890622475592,0.06618505781614235,0.016023880413291173,0.030933751856040498,0.006782529754348713,0.0011447826990098552,0.03935652133773398,7.678045252767713E-4,8.001169401681785E-4,0.0017448704041359891,0.03482970588009017,0.026425400635477492,0.008188889145336626,4.8007016410090705E-4,0.0026173056062039836,0.001721790107784984,0.14758772435971412,0.014195920942291565,0.013303482816719366,0.02309722190166255,0.030827582492825873,0.011353967118271132,0.0029927450935136675,0.013465044891176402,0.0038313291942668544,0.0013755856625199067,5.631592309645255E-4,0.10850816657819219,0.014157453781706558,0.04847631576922781,0.0412567990706334,0.015396096352543834,0.015212992668159193,0.013752779252352267,0.001667936082965972,0.009815280694870789,8.370454143297866E-4,6.539417299451458E-4,0.0018725813772782177,0.0010601549457228364,0.0034958955539655797,0.009062863033828021
hearthstone,1959,443200,0.5421863718411553,0.13803249097472925,0.05141019855595668,0.003095667870036101,0.01683889891696751,0.005764891696750903,0.005891245487364621,0.0645442238267148,0.14015794223826714,0.0906836642599278,0.027026173285198556,0.09303925992779784,0.009569043321299639,0.05166741877256318,0.12304602888086642,0.06883574007220217,0.01566335740072202,0.03565658844765343,0.008328068592057761,0.0010266245487364622,0.05450812274368231,1.6245487364620939E-4,4.512635379061372E-4,0.0022247292418772564,0.05253158844765343,0.040191787003610105,0.012161552346570396,4.535198555956679E-4,0.005045126353790614,0.0032581227436823106,0.1628768050541516,0.016423736462093864,0.01743231046931408,0.021103339350180505,0.035209837545126355,0.012488718411552347,0.004742779783393502,0.010891245487364622,0.007452617328519855,0.0032558664259927797,4.1064981949458484E-4,0.10186371841155234,0.010171480144404332,0.04596570397111913,0.04192915162454874,0.007421028880866426,0.022475180505415162,0.02230821299638989,3.474729241877256E-4,0.005764891696750903,0.002342057761732852,0.0017757220216606498,0.0017080324909747291,0.0013695848375451264,0.0039666064981949455,0.010040613718411553
HomeImprovement,772,143461,0.5869190929939148,0.1385533350527321,0.05717233255030984,0.009305664954238435,0.004530848105059912,0.002711538327489701,0.005541575759265584,0.09460410843365095,0.14958072228689331,0.10610549208495688,0.02695506095733335,0.09832637441534633,0.012135702386014318,0.04920501042095064,0.13534688870145895,0.0652999769972327,0.015593088016952342,0.0316880545932344,0.008057939091460397,0.0010316392608444107,0.038463415144185525,0.0010455803319369026,3.415562417660549E-4,0.0014219892514341877,0.027199029701451962,0.019357177211925192,0.007695471243055604,6.831124835321098E-4,0.002307247265807432,9.061696210119824E-4,0.16170248360181513,0.014422038045183012,0.012742138978537721,0.025038163682115696,0.03459476791601899,0.010351245286175337,0.003053094569255756,0.016861725486369116,0.009110489958943545,0.002376952621269892,0.004712082029262308,0.13920856539407922,0.017635454932002425,0.08329092924209366,0.03469932594921268,0.007653648029778128,0.012365730059040436,0.004753905242539784,0.01937808881856393,0.005660074863551767,1.3941071092492035E-4,2.997330284885788E-4,9.967865831131805E-4,0.0010525508674831487,0.0035549731285854694,0.00814158551801535
computers,229,40803,0.551381025904958,0.15006249540474964,0.07634242580202436,0.0012744160968556234,0.004975124378109453,0.0019851481508712594,0.003063500232826018,0.06705389309609587,0.1457000710732054,0.09849765948582212,0.024630541871921183,0.09732127539641693,0.011445236869838003,0.05046197583511016,0.11736882092003038,0.07401416562507658,0.017572237335490036,0.032889738499620125,0.006519128495453766,9.067960689165013E-4,0.031149670367374947,8.577800651912849E-4,4.6565203538955467E-4,9.558120726417175E-4,0.03110065436364973,0.022914981741538613,0.007965100605347646,3.4311202607651396E-4,0.0020341641545964756,0.001544004117344313,0.16204690831556504,0.016150773227458764,0.014312673087763154,0.0276940421047472,0.03654143077714874,0.010759012817684974,0.0023527681788103817,0.015611597186481386,0.002916452221650369,9.803200745043257E-4,5.881920447025954E-4,0.10928118030536971,0.01583216920324486,0.04864838369727716,0.04151655515525819,0.01632232924049702,0.015219469156679656,0.009974756758081514,0.0021567041639095163,0.007695512584858956,1.7155601303825698E-4,2.6958802048868954E-4,0.0014704801117564885,8.087640614660687E-4,0.003970296301742519,0.008553292650050242
LongDistance,368,124385,0.6500944647666519,0.2190859026409937,0.08416609719821522,0.01872412268360333,0.006946175181894923,0.04553603730353339,0.0033444547172086668,0.046758049604051936,0.1830124211118704,0.11572938859187201,0.04662941673031314,0.1098283555091048,0.010965952486232262,0.06713028098243358,0.13553081159303776,0.08168991437874341,0.022028379627768623,0.034610282590344495,0.006922056518068899,8.441532339108414E-4,0.12075411022229368,0.0025003014832978253,0.001784781123125779,0.00462274389998794,0.03958676689311412,0.026627004863930537,0.012453270088837079,0.002162640189733489,0.002789725449210114,0.003569562246251558,0.1942838766732323,0.021449531695944046,0.01604695099891466,0.02554970454636813,0.030871889697310768,0.014382763194919001,0.003537404027816859,0.015484182176307433,0.00912489448084576,0.002805804558427463,6.994412509546971E-4,0.14158459621336977,0.020042609639425977,0.05290830887968807,0.06532138119548177,0.009526872211279494,0.013426056196486715,0.005450818024681433,0.0031273867427744502,0.004486071471640471,4.1001728504240866E-4,2.8942396591228844E-4,0.0016400691401696347,0.0012139727459098766,0.00451822969007517,0.012477388752663103
FIFA,456,105271,0.5634790208129494,0.1498513360754624,0.04786693391342345,0.0037427211672730384,0.015227365561265686,0.022579817803573633,0.006127043535256623,0.06699850861110847,0.1424133902024299,0.09417598388920026,0.02601856161715952,0.09423297964301659,0.010420723656087622,0.05259758148017973,0.12840193405591283,0.07202363423924918,0.016300785591473434,0.03340901102867836,0.006915484796382669,0.0015768825222520922,0.07443645448414093,1.0449221532995791E-4,2.849787690817034E-4,0.0034292445212831643,0.05018476123528797,0.037921174872472,0.012149594855183288,4.3696744592527855E-4,0.005481091658671429,0.002716797598578906,0.16296035945322074,0.0149898832536976,0.017070228267994033,0.022560819218968187,0.03432094308973981,0.014714403776918619,0.004027699936354741,0.009955258333254172,0.005690076089331345,0.002868786275422481,3.8947098441166134E-4,0.12148644925953017,0.017706680852276505,0.05993103513788223,0.03944106164090775,0.009736774610291533,0.02381472580292768,0.02290279374186623,5.5095895355796E-4,0.0073429529500052245,4.7496461513617233E-4,2.469815998708096E-4,0.0018618612913337957,0.001633878276068433,0.004122692859381976,0.012748050270254866
LSD,600,206052,0.610515792130142,0.18876788383514842,0.09021509133616756,0.009565546561062257,0.007852386776153592,0.009779084891192514,0.005357870828722846,0.058946285403684504,0.16438568904936618,0.10079009182148195,0.06259099644749869,0.08145516665696038,0.0081435754081494,0.05961601925727486,0.12896744511094288,0.07940713994525654,0.016340535398831364,0.03252577019393163,0.00883757498107274,0.002174208452235358,0.062450255275367385,0.001421971152912857,0.0024556907964979713,0.0046541649680663134,0.04129540116087201,0.0286481082445208,0.012128006522625356,0.0017228660726418574,0.00380001164754528,0.0022761244734338906,0.18565701861665987,0.025546949313765457,0.013414089647273504,0.022431230951410322,0.0304583309067614,0.016364801118164348,0.003591326461281618,0.023440684875662456,0.016534661153495233,0.006707044823636752,0.002416865645565197,0.1449100227127133,0.026837885582280202,0.060567235455127835,0.053729155747092965,0.004615339817133539,0.011157377749306,0.005600528022052686,0.004338710616737523,0.0017859569429076155,0.0010288664997185177,0.001305495700114534,0.0024556907964979713,9.220973346533884E-4,0.0063964436161745575,0.01344806165433968
mentalhealth,331,126758,0.6277000268227646,0.21691727543823663,0.11187459568626833,0.0038104103882989635,0.005987787753041228,0.023824926237397244,0.006500575900534877,0.049156660723583524,0.18035153599772796,0.1164817999652882,0.04686883668091955,0.11325517916028968,0.007975827955631992,0.05952287035137822,0.12757380204799698,0.07922971331198031,0.023091244734060178,0.0293472601334827,0.00657157733634169,0.001254358699253696,0.08319790466873886,0.004796541441171366,0.0017671468467473452,0.007778601745057511,0.046513829501885484,0.02526073305037946,0.020621972577667683,0.0038104103882989635,0.005617002477161205,0.004141750422064091,0.18562930939270106,0.026538758894902096,0.015943766862841005,0.02522128780826457,0.03333911863551019,0.014918190567853706,0.003991858502027486,0.018839047634074377,0.01719023651367172,0.005490777702393537,0.0018381482825541584,0.12319538017324351,0.014839300083623913,0.0507581375534483,0.05419776266586724,0.010097981981413403,0.011857239779737768,0.005482888653970558,0.0038182994367219427,0.002437715962700579,6.547910191072753E-4,0.0013332491834834883,0.001325360135060509,9.072405686426103E-4,0.006508464948957857,0.012922261316839963
Overwatch,7469,1797209,0.5673474815672523,0.14505491570540766,0.044451146193903994,0.004341732096823463,0.016821082022179946,0.012801516128619432,0.007853288070558294,0.0679664969405339,0.14654945529429242,0.09706161053055043,0.021624641318844944,0.0999004567637932,0.0111773310727912,0.05490457704140142,0.12887148906999688,0.0724428822691184,0.01769410235537436,0.034727179754830965,0.00747381078104995,0.0013014624342522212,0.0773710792679093,3.8337221769977784E-4,4.7017347453746336E-4,0.004299444305030745,0.05212693682259548,0.037677866068999206,0.014221495663553877,7.617366705819969E-4,0.007565063384392132,0.002377019033401235,0.16773285689087913,0.01776309822619406,0.017067575334866452,0.024520798638333105,0.035789938732779546,0.011993596738053282,0.003907169394321974,0.013894878113786433,0.007620705215698341,0.002251824912962265,4.785197492333947E-4,0.11142610570056126,0.012738084440930353,0.05740400810367631,0.03749369160737566,0.010285392516952674,0.019084035301403453,0.0228565514639644,7.055384209627261E-4,0.0034820658031425394,0.0018044645892603475,0.0033557588460774454,0.002061529849895032,0.001442236267456929,0.00475682015836778,0.010496831475916268
wow,1109,251776,0.5721276054905948,0.14834614895780376,0.05864339730554143,0.006410460091509914,0.013404772496187087,0.0038526309100152516,0.008146129893238435,0.06758785587188612,0.15320364133197764,0.10141951576004067,0.029395176664972038,0.09765426410777835,0.012260898576512455,0.053607174631418404,0.1308146924250127,0.07068584773767159,0.016653692170818506,0.03580166497203864,0.006561387900355872,0.0010167768174885613,0.06187642984239959,4.925012709710219E-4,7.069776309100152E-4,0.004039304778851042,0.04461505465175394,0.03409379766141332,0.010259119217081851,6.116548042704626E-4,0.004178317234367056,0.0022837760549059482,0.16716049186578547,0.017865086426029488,0.016673551093035078,0.02491103202846975,0.0344671453990849,0.012884468734112862,0.0029113179969496696,0.012876525165226234,0.006811610320284697,0.0022758324860193187,4.289527198779868E-4,0.11561070157600407,0.013182352567361465,0.05326957295373665,0.04509961235383833,0.008555223690899847,0.012590556685307576,0.013694712760549059,0.0014775038129130657,0.0050123919674631414,0.002053412557193696,0.0015688548551093034,0.002156678952719878,0.001239196746314184,0.004515918912048805,0.011780312658871377
DestinyTheGame,1934,595444,0.5378188377076601,0.12894747448962454,0.03801197089902661,0.006668973068836028,0.01668166947689455,0.004924056670316604,0.00804273785612081,0.07467200945848812,0.13288403275538926,0.08595938492956516,0.025493581260370414,0.08374926945271091,0.011540967748436461,0.046350286508890844,0.12918259315737501,0.06380112991314045,0.014139029027078953,0.03310302900020825,0.008664122906604147,0.0010916223859842404,0.061114059424563855,3.342043920167136E-4,6.532940125351838E-4,0.0030363896520915483,0.04285709487374127,0.029085858619786242,0.01353443816714922,5.54208288268922E-4,0.00786304001719725,0.0024015692491653287,0.15539496577343964,0.01544393763309396,0.01653723943813356,0.020766016619530973,0.029534263507567462,0.013252295765848677,0.0036040332928033536,0.015684094558010495,0.006835235555316705,0.003693042502737453,6.986383270299138E-4,0.11550036611335407,0.01412559367463607,0.05539395812200643,0.04162776012521748,0.008323200838365992,0.01694869710669685,0.011480508662443488,0.0014426209685545577,0.0031858579480186213,0.0015467449499869006,0.003256393548343757,0.002011944028321723,0.001220937653246989,0.0034377708063226767,0.011278978375800244
proED,433,99952,0.6074015527453177,0.2025272130622699,0.12103809828717785,0.00293140707539619,0.007113414438930687,0.007793740995677925,0.004292060188890667,0.04833319993596927,0.17638466463902674,0.115695533856251,0.03795821994557388,0.11705618696974547,0.009194413318392828,0.06500120057627662,0.12252881383063871,0.08298983512085802,0.023101088522490796,0.03092484392508404,0.006383063870657916,0.0036717624459740674,0.046272210661117336,0.002191051704818313,6.403073475268129E-4,0.0044521370257723705,0.04615215303345606,0.026792860573075075,0.01894909556587162,0.0020309748679366094,0.006092924603809829,0.00541259804706259,0.1747838962702097,0.02051984952777333,0.01691812069793501,0.025262125820393787,0.02878381623179126,0.014176804866335841,0.005682727709300464,0.022820954057947814,0.04224027533215944,0.010054826316631984,0.02734312469985593,0.129982391547943,0.014366896110132863,0.05130462622058588,0.06042900592284296,0.0061729630222506805,0.01530734752681287,0.005902833360012806,0.003391627981431087,0.0029214022730910836,0.0011505522650872419,8.303985913238355E-4,0.0025812389947174642,0.0011605570673923484,0.005982871778453658,0.013316391868096687
buildapcforme,1331,484398,0.5263832633495596,0.12195137056717822,0.027436116581819082,0.0036973728215227973,0.05019839057964731,6.255186850482455E-4,5.862947411013258E-4,0.05923021977795119,0.1556942844520415,0.12014500472751745,0.002995470666683182,0.09679230715238296,0.025382020569861972,0.028922497615597093,0.10532454716988922,0.08331991461566728,0.015712286177895038,0.033249517958373075,0.0075660923455505595,1.486381033778009E-4,0.0625209022332875,0.0029706976494535487,1.775399568123733E-4,2.0437739214447623E-4,0.021876638631868835,0.020167300443024123,0.0014574791803434366,1.8992646542719004E-4,4.748161635679751E-4,4.2527012910870815E-4,0.15040111643730983,0.0089017708578483,0.009861725275496596,0.04235153737216091,0.060838401479774894,0.004314633834161165,9.31052564213725E-4,0.008218448465930908,8.443470039100079E-4,2.1676390075929297E-4,1.0115648702100339E-4,0.0932208638351108,0.0074484205137098,0.054694693206825795,0.029936126903909593,0.011781634110793191,0.0077973071730271385,0.006573107238262751,0.003662277713780817,0.014952580316186277,2.869541162432545E-4,1.919908835296595E-4,0.004764676980499507,5.780370686914479E-4,0.0059682327342392,0.0036746642223956334
heroesofthestorm,1292,367137,0.5397685332723207,0.1291425271765036,0.03484802675840354,0.00513977071229541,0.01523409517428099,0.01112663665062361,0.00865889300179497,0.06530259821265631,0.13751814717666702,0.09138005703592937,0.020289428741859305,0.0925431106099358,0.011494346796972248,0.0508692940237568,0.1270152558854052,0.06805633864197834,0.01625551224747165,0.03470366647872593,0.008160441470077927,9.696652748156682E-4,0.0718886955005897,1.3346516423024646E-4,4.1129060813810647E-4,0.003508227174052193,0.05359034910673672,0.038320844807251786,0.015043430653952066,9.887317268485606E-4,0.007027349463551753,0.0032821535285193267,0.16035703293321021,0.016285473814951913,0.01838278353857007,0.02321204346061552,0.03196626872257495,0.01199279832868929,0.004140143869999483,0.01126827315143938,0.007237080435913569,0.0019393305496313365,6.101264650525553E-4,0.1111111111111111,0.011864780722182727,0.054756126459604995,0.04099287187071856,0.009693928969294842,0.026785641327351915,0.019221707428017334,4.875564162696759E-4,0.003080593892743036,0.0012937949593748383,0.002307040695979975,0.0017759038179208306,0.0011521584585590665,0.004088392071624489,0.01006163911564348
darksouls3,6131,1569283,0.5620630568227656,0.1423509972388664,0.050551748792282844,0.004162410476631685,0.014134480523908052,0.009906434976992678,0.007561414990157926,0.07464937809177823,0.1394866317929908,0.09069555969191026,0.030200416368494402,0.0887806724472259,0.008849264281840815,0.05245197966204948,0.1295304925880163,0.07031810068674675,0.016521557934419732,0.03270665647942404,0.009442528849162324,0.0019473861629801636,0.06206847330914819,7.302698111175613E-4,6.18116681312421E-4,0.0036647309631213745,0.04371295680893759,0.026270596189469968,0.017253102212921444,6.550762354527514E-4,0.010707437727930527,0.0025916294256676455,0.15951871013704985,0.016968895986256144,0.01677836311232582,0.01994222839347651,0.032176478047617925,0.012460467614827919,0.003410474719983585,0.016653465308679186,0.00795713711293629,0.0035640480397735783,6.89486854824783E-4,0.11227420420663449,0.012593012222779448,0.05469440502446021,0.04083839562398879,0.007057363139726869,0.014426970788570321,0.009982265786349562,9.928100922523217E-4,0.002483936931707028,0.0076098447507556,0.0030548983198059243,0.0017281777729064801,0.0012770163189176204,0.003676838403270793,0.010037067883867982
MDMA,228,48570,0.6077208153180976,0.17288449660284125,0.09118797611694461,0.007103150092649784,0.005106032530368541,0.005188387893761581,0.003747169034383364,0.06318715256331069,0.16627547869054973,0.1050236771669755,0.054539839407041386,0.08956145768993205,0.009964998970557958,0.06067531397982293,0.12804200123533044,0.078875849289685,0.017665225447807287,0.03712168004941322,0.013403335392217419,0.0018324068354951615,0.04939262919497632,2.6765493102738315E-4,0.0032736256948733785,0.00417953469219683,0.0426189005558987,0.03051266213712168,0.011632695079267038,0.001935351039736463,0.0033559810582664195,0.0022647724933086266,0.18144945439571752,0.02386246654313362,0.012415071031500927,0.021494749845583694,0.035680461190035,0.013732756845789581,0.003747169034383364,0.02112415071031501,0.020835906938439366,0.006526662548898497,0.004323656578134651,0.14344245418982912,0.018900555898702903,0.052686843730697965,0.06800494132180358,0.005414865143092444,0.01348569075561046,0.007020794729256743,0.0024706609017912293,0.002100061766522545,3.2942145357216387E-4,4.941321803582458E-4,0.002100061766522545,0.0010706197241095326,0.004591311509162034,0.011488573193329216
nfl,261,113706,0.46393330167273494,0.08531651803774647,0.016252440504458867,0.002673561641426134,0.010052239987335761,0.010650273512391607,0.008900145990537,0.07787627741719874,0.106546708177229,0.07527307266107329,0.020966351819604948,0.060357412977327496,0.01454628603591719,0.03340193129650151,0.12393365345716145,0.04645313351977908,0.014344009990677713,0.034685944453239054,0.011899108226478813,4.837035864422282E-4,0.0580971980370429,2.0227604523947724E-4,1.6709760258913338E-4,0.003570611929009903,0.03344590434981443,0.02645418887305859,0.0069565370341055,4.309359224667124E-4,0.0017149490792042637,0.001644592193903576,0.12060929062670396,0.008759432219935623,0.015082757286334934,0.014115350113450477,0.025284505654934657,0.012611471690148278,0.001838073628480467,0.011925492058466571,0.002603204756125446,0.0015390568659525443,2.8142754120275096E-4,0.12925439290802596,0.014203296220076338,0.06257365486429915,0.04560005628550824,0.012444374087559143,0.024475401473976748,0.01650748421367386,9.234341195715266E-4,0.0042214131180412645,3.2540059451568077E-4,2.990167625279229E-4,0.0012840131567375512,0.0010201748368599722,0.001653386804566162,0.010755808840342638
r4r,1522,338354,0.5950276928896954,0.1923990849820011,0.10493447690879966,0.006129674837596127,0.020918919238430755,0.0023111888731919823,0.002840220597362526,0.053990790710321146,0.16579676906435273,0.1149949461215177,0.013400166689325381,0.12860790769430833,0.009735365918535025,0.05699651843926775,0.13258303433681884,0.08127877903024643,0.017434403021687344,0.03238028810062834,0.0051720978620025185,0.0018855991062614894,0.08735821063146881,0.0010787518397890965,0.0019417533116203739,0.011153998474970003,0.05853041489091307,0.04722273122232928,0.010571768029933147,0.001383166742524102,0.0036736672242680744,0.0017969345714843035,0.18324594950850293,0.016373384088853686,0.009883140143163669,0.029410026185592603,0.04721386476885156,0.011487968222630736,0.002181147555518776,0.020886408909012454,0.018436312264669547,0.005024323637373875,0.0031328135621272396,0.10891847000478788,0.013781424188867282,0.05311005633153443,0.03952073863468438,0.010521524793559408,0.011526389521034183,0.017998900559768764,0.002343699202610284,0.0035613588135503054,8.866453477718603E-4,5.940523830071464E-4,0.003372207806025642,0.0019979075169792586,0.006841946600306188,0.009924516926059689
Advice,2924,896211,0.6332336916194958,0.21235289457504986,0.10439952198756766,0.007591962160696532,0.00378705461102352,0.030027526999780185,0.007212587214394824,0.052205340037111796,0.17794581856281613,0.11501086239735955,0.04392269231241304,0.11049072149304126,0.010520959907878836,0.058669219636893546,0.13111532886786706,0.07871472231427644,0.02317757760170317,0.029239766081871343,0.006594429213656159,0.0017919887169427736,0.09590821804240296,0.005707361324509518,0.0024804426636138143,0.008015969453621971,0.04120569821169345,0.02600949999497886,0.014739832472486948,0.0020151504500614255,0.004564773250942022,0.003170012418950448,0.18169493567920947,0.02071945111140122,0.015526477581730196,0.02570823165526868,0.03047831370067986,0.013574928225607586,0.0031934444009279065,0.014714168873178304,0.012470277646670259,0.003864045408949455,0.001923654139482778,0.13013453305081057,0.0176108081690584,0.05482302716659358,0.05458424411215662,0.01682974210314312,0.0131587315933413,0.006528596502386157,0.005857995494364609,0.0061793483900554665,5.13271986172899E-4,5.891469754332406E-4,0.0015944905831327667,0.0012139998281654656,0.00503006546449441,0.012016143519773804
trees,1326,297232,0.6039457393551165,0.18650750928567583,0.09292404586316413,0.007862545082629057,0.008653173278785595,0.011533078537977068,0.005854013026861172,0.06262448188620337,0.16319911718792054,0.10212561231630511,0.049974430747698764,0.09322011088980998,0.008868493298164398,0.059475426602788393,0.12908098724228886,0.07878021209021908,0.017649512838456154,0.0300606933304624,0.008649808903482801,0.003599881573989342,0.06564569090811218,0.0022709533293857995,0.0029101846369166172,0.0045755504117995375,0.04137172309845508,0.027766189373957043,0.013336383700274533,0.001645179523066157,0.005477202992948269,0.001887414544867309,0.1711726866555418,0.01847378478764063,0.014009258760833289,0.022447112020240082,0.031214674059320664,0.01306723367605103,0.003613339075200517,0.018440141034612695,0.01855452979490768,0.007176212520859127,0.004107902244711202,0.13865599935403994,0.019173574850621735,0.06056211982559079,0.05501762932658664,0.0100561177800506,0.011411961027076492,0.006008774290789686,0.005672336760510308,0.004212197879097809,9.050169564515261E-4,6.257738063196426E-4,0.002583840232545621,0.0010496850944716584,0.005776632394896916,0.011247106637239598
BPD,341,124636,0.6430565807631824,0.22718957604544435,0.11430886742193266,0.006539041689399531,0.008071504220289483,0.02471998459514105,0.005736705285792227,0.04514746943098302,0.18735357360634167,0.1207275586507911,0.04576526846176065,0.11857729708912353,0.008609069610706377,0.0635209730735903,0.1265043807567637,0.08239994865047016,0.02469591450303283,0.030400526332680766,0.00582496229018903,0.002102121377451138,0.08944446227414231,0.003450046535511409,0.0019015372765493117,0.00816778458872236,0.05093231490099169,0.0287236432491415,0.021101447414872108,0.003827144645206842,0.006266247312173048,0.004958438974293142,0.1929057415193042,0.026701755512051093,0.017202092493340607,0.024880451875862512,0.03182868513110177,0.015637536506306365,0.004412850219840175,0.017795821432010014,0.014618569273725087,0.004420873583876247,0.0019336307326936037,0.11966847459802946,0.014803106646554768,0.048998684168298084,0.052472800795917714,0.007148817356141083,0.011770275040919157,0.00437273339965981,0.003032831605635611,0.0021823550178118683,6.097756667415514E-4,7.381494913187201E-4,0.0017250232677557046,0.0011714111492666646,0.006065663211271222,0.013824256234153856
depression,3722,1222692,0.6391773234796662,0.22222440320211467,0.12670566258714377,0.0037474687002123186,0.005802769626365429,0.01535546155532219,0.006405537944142924,0.04615880368890939,0.190184445469505,0.12073604799900547,0.04395465088509617,0.12444998413337129,0.008586790459085362,0.06339290679909576,0.1288394787894253,0.07750766341809712,0.02783284752006229,0.030485191691775198,0.006253414596644126,0.00321830845380521,0.07242870649354048,0.004421391486981186,0.0017019821835752586,0.007423782931433263,0.05132936176894917,0.028506770306831155,0.022214098072122823,0.002226235225224341,0.007166154681636913,0.006205978283983211,0.1899529889784181,0.026434294164024954,0.016879148632689182,0.025463485489395532,0.030755905820926285,0.016704124996319597,0.003619881376503649,0.01815175039993719,0.01781887834385111,0.005256434163305231,0.0018729164826464882,0.12783350181403003,0.01574067712882721,0.05135062632290062,0.05732024091103892,0.01166606144474651,0.013725451708197976,0.005779051470034972,0.004369865837021916,0.0034293182584003165,9.421833135409408E-4,0.001983328589702067,0.0014443539337789075,0.0010542311555158618,0.006336019210070893,0.016143885786444993
relationship_advice,2679,1061417,0.6522865188705287,0.23487846906540974,0.09201473125077138,0.0158429721777586,0.0039513216765889375,0.05882513658628041,0.0036705649146376966,0.04469025839985604,0.18140561155511925,0.10982865358289909,0.05628325154015811,0.1034880730193694,0.009277220922596868,0.06273594638111128,0.1305292830244852,0.08283737682739206,0.023901068100473235,0.029542583169480045,0.006632642966901792,0.001358561244072782,0.13660229674105465,0.0038750085969981637,0.003708250386040548,0.007880032070336164,0.044946519605395426,0.029744200441485298,0.014740672139225206,0.0020830644317925942,0.004329118527402519,0.003668680641067554,0.19630738908459164,0.022272113599084997,0.015687519608221838,0.026622901272544155,0.02854203390373435,0.013996384079018896,0.0034284357608743783,0.01673423357643603,0.012727325829527885,0.0032183392578034836,0.0018494145090949174,0.1365316364821743,0.017731956431826512,0.05362736794304218,0.06216218507900288,0.00789133771175702,0.011308467831210542,0.005459682669488052,0.003998428515842501,0.0031260098528664983,4.418621521984291E-4,3.0996300228845026E-4,0.0017542586938027185,0.0011324484156556753,0.005415402240589702,0.0121102262353062
leagueoflegends,3447,872471,0.531919112497722,0.13006850657500363,0.03439655873948819,0.004643134270365433,0.014829146183655387,0.012724778244778337,0.009134974113752779,0.06193099827959898,0.13798395591372092,0.09038925076019719,0.023569837851344057,0.08995943704719125,0.01153734622698061,0.05054265413979376,0.12295193765752672,0.0695793900313019,0.0165128697687373,0.0339747682157917,0.006771571777170817,0.0010796920470709055,0.0728368048909362,2.4986503849411615E-4,4.252290334005371E-4,0.003610435189249843,0.04747779582358611,0.0333615673185699,0.01391564877228011,7.301102271594128E-4,0.006133155142119337,0.003256268689732954,0.1602907145337782,0.01659080932202904,0.01885105636748958,0.023230571560544706,0.03167898990338934,0.011781480415967981,0.0038327921501115796,0.012178055201834789,0.005906213501652204,0.0018396026916653963,6.945789602175889E-4,0.11017443559728633,0.012646838691486594,0.051850433997233145,0.04180081630220374,0.01002784046690377,0.023303926434231053,0.018057906795755963,4.917068876787882E-4,0.004072341659493554,0.001017798872398051,0.0015679604250456462,0.0019381733031814238,0.001303195177833991,0.004109019096336726,0.00967482013728823
baseball,246,61388,0.4628754805499446,0.09167915553528377,0.018130579266306117,0.005571121391802958,0.009334071805564606,0.009154883690623575,0.006027236593471036,0.07980387046328273,0.11018440086010295,0.07258747637974848,0.02599856649508047,0.0645403010360331,0.00993679546491171,0.033296409721769726,0.12482895679937447,0.05229034990551899,0.00895940574705154,0.027122564670619666,0.008829087118003518,0.0010914185182771877,0.05848048478530006,5.212745161920897E-4,1.62898286310028E-4,0.0019547794357203364,0.03420864012510588,0.02448361243239721,0.009496970091874633,4.2353554440607285E-4,0.00377924024239265,0.0030624877826285267,0.12482895679937447,0.011712386785691014,0.012754935818075195,0.014807454225581548,0.0261614647813905,0.009496970091874633,0.001889620121196325,0.01552420668534567,0.0039910080145956865,0.00203622857887535,4.886948589300841E-4,0.1285267478986121,0.015084381312308595,0.05589040203297061,0.05279533459308008,0.011239981755391933,0.01943376555678634,0.02231706522447384,0.0015801133772072717,0.004495992702156774,9.285202319671597E-4,8.144914315501401E-4,0.0011239981755391934,0.0010751286896461848,0.0023457353228644034,0.007460741512999284
dating_advice,992,298813,0.6459223661621147,0.22443133330879178,0.0912142376670359,0.014370191390602149,0.006435462981864913,0.048890108529414715,0.0033566143373949596,0.05019192605408734,0.17951360884566603,0.10993497605525863,0.05219652424760636,0.10502220452256093,0.010046416989889999,0.06461566263850636,0.13090795915840342,0.08281768196162817,0.022488981403084873,0.031006013794580557,0.007268760060639932,0.0011679545401304494,0.12873268565959312,0.0015159982999400964,0.0026605268177756656,0.012138026123361434,0.04485079297085468,0.03271945999672036,0.011713011147440038,0.002516624109392831,0.0027943898023178376,0.002322522781806682,0.1986861348067186,0.022248028030908962,0.014587718740483178,0.02776987614327355,0.03507879509927614,0.012917778008319584,0.003386733508916948,0.017713419429542892,0.010822822300234595,0.0033900800835305026,0.002382761124850659,0.14196169510697326,0.017934293354037473,0.05563010980111307,0.06580704320093168,0.008617429629902314,0.01167619882669094,0.006873864256240525,0.002098302282698544,0.0022087392449458357,3.3465746135542964E-4,3.011917152198867E-4,0.002325869356420236,0.0013285901215810557,0.006227975355824545,0.010598601801126458
teenagers,853,224525,0.63021935196526,0.2159269569090302,0.09781093419441042,0.008836432468544705,0.008769624763389378,0.029382028727313218,0.007277586014920388,0.053165571762609956,0.17612738002449616,0.10929295178710612,0.04895223249081394,0.10622425119697139,0.00964703262442935,0.06284823516312214,0.1275938091526556,0.08035185391381806,0.023217904464981627,0.029595813383810267,0.007317670638013584,0.004329139294065249,0.10416657387818729,0.00286382362765839,0.0028059236165237722,0.009883086515978176,0.04881416323349293,0.03177819841888431,0.01659948780759381,0.001812715733214564,0.0071261552165683105,0.0031845006124039637,0.18335597372230264,0.020327357755261108,0.014862487473555284,0.024669858590357422,0.031283821400734886,0.014372564302416213,0.003304754481683554,0.016345618528003564,0.01328137178487919,0.005406970270571206,0.0017993541921834985,0.1329740563411647,0.017797572653379355,0.054270125821178045,0.05753034183275804,0.015094087518093753,0.0106758712838214,0.0066050551163567535,0.0029618082618862044,0.0028950005567308762,8.551386259881973E-4,6.814385925843447E-4,0.002609954348068144,0.0011847233047544818,0.006680770515532792,0.01319674869168244
socialanxiety,320,91547,0.6325057074508176,0.21390105628802691,0.11766633532502431,0.0036811692354746742,0.0065649338591106205,0.012113996089440396,0.007984969469234382,0.04718887565949731,0.17932865085693686,0.11553628190983867,0.03961899352245295,0.11721847794029297,0.008771450730226005,0.06661059346565153,0.13221623865336932,0.08177220444143446,0.022644106306050443,0.030891236195615367,0.006422930298098244,0.0017805061880782549,0.08154281407364523,0.001835122942313784,0.0019880498541732664,0.011545981845390891,0.0490349219526582,0.02867379597365288,0.019814958436650026,0.0051995150032223885,0.004631500759172884,0.003440855516838345,0.19659846854621124,0.025997575016111944,0.018995707123117087,0.025167400351731897,0.036866309108982274,0.016188405955410882,0.003386238762602816,0.018045375599418878,0.01068303712846953,0.003845019498181262,0.0015292691185948201,0.12576053830272974,0.01590439883338613,0.05305471506439315,0.053393338940653436,0.013992812435142605,0.013916348979212864,0.005680142440495047,0.0026762209575409354,0.002752684413470676,5.133974898139754E-4,3.167771745660699E-4,0.0016603493287600905,9.503315236982097E-4,0.006980021191300643,0.014233126153778933
OCD,160,49480,0.628981406628941,0.21558205335489086,0.11657235246564268,0.0017178658043654,0.0069725141471301535,0.007841552142279709,0.006548100242522231,0.048827809215844786,0.17910266774454325,0.11827000808407437,0.04391673403395311,0.11208569118835893,0.009963621665319321,0.06333872271624899,0.12611156022635409,0.08055780113177041,0.02198868229587712,0.029628132578819726,0.005214227970897332,0.0011115602263540825,0.05800323362974939,0.0017582861762328213,6.265157639450283E-4,0.007821341956345998,0.04529102667744543,0.024413904607922393,0.02055375909458367,0.0055578011317704125,0.004587712206952304,0.002991107518189167,0.19640258690379953,0.03247776879547292,0.016936135812449474,0.025909458367016976,0.03848019401778496,0.016693613581244948,0.003860145513338723,0.018472109943411478,0.02257477768795473,0.00616410670978173,0.0017178658043654,0.11784559417946645,0.01265157639450283,0.04581649151172191,0.05608326596604689,0.00650767987065481,0.009761519805982215,0.003637833468067906,0.0026879547291835085,0.00238480194017785,9.094583670169765E-4,0.0012530315278900567,0.0012732417138237673,0.0011115602263540825,0.00650767987065481,0.01368229587712207
movies,711,179386,0.5461685973264357,0.13342735776482,0.03277290312510452,0.0045209771108113235,0.006968213795948402,0.016946695951746513,0.008623861393865742,0.08221377365011763,0.13418549942581917,0.08813954266219215,0.0312900672293267,0.08302208645044763,0.00863501053593926,0.049290357107020615,0.12667097766826843,0.06491030515201855,0.015274324640718897,0.030074810743313304,0.008729778243564157,0.001622200171696788,0.06856164918109552,0.0020793149967110033,5.184351064185611E-4,0.007313837200227442,0.042478231300101456,0.028357842863991616,0.013763615889757283,0.0010870413521679506,0.006650463246853155,0.0018897795814612065,0.1508869142519483,0.01900371266431048,0.013869532739455698,0.01852987412618599,0.028681167984123623,0.012626403398258504,0.0022688504119607994,0.01705261280144493,0.008144448284704491,0.003160781777842195,9.532516472857414E-4,0.1101590982573891,0.012459166267155743,0.053226004258972275,0.04081700913114736,0.0076873334596902765,0.011572809472311105,0.020352758855206092,0.0021517844201888667,0.0029935446467394336,0.0014605376116307851,0.002463960398247355,0.0018284593000568606,0.0014270901854102327,0.004788556520575742,0.009649582464629347
laptops,129,26033,0.5340529328160412,0.14170475934390966,0.058963623093765606,9.219068105865632E-4,0.024161640994122845,0.0010371451619098837,0.0030346099181807707,0.0580033034994046,0.14650635731571468,0.10571198094725925,0.01455844505051281,0.10402181846118388,0.013367648753505167,0.044520416394576115,0.10817039910882342,0.07467445165751162,0.018169246725310183,0.03864326047708677,0.004225406215188415,5.377789728421619E-4,0.04294549225982407,5.76191756616602E-4,3.073022701955211E-4,6.146045403910422E-4,0.041754695962816425,0.03687627242346253,0.0046479468367072565,5.76191756616602E-4,0.0014980985672031653,9.219068105865632E-4,0.165213383013867,0.016632735374332578,0.013828602158798449,0.035454999423808246,0.047785503015403526,0.009487957592286713,0.001997464756270887,0.018361310644182383,0.006722237160527024,8.45081243037683E-4,0.002227941458917528,0.08857987938385894,0.021165443859716512,0.04079437636845542,0.024392117696769484,0.02212576345407752,0.010909230591940999,0.012560980294241924,0.0012292090807820844,0.01432796834786617,1.9206391887220068E-4,4.609534052932816E-4,0.0015749241347520456,8.45081243037683E-4,0.004263818998962855,0.0056466792148427
jobs,1297,308801,0.6075951826580872,0.17947156906875303,0.09942325316304028,0.003367864741370656,0.006126923164108925,0.007988963766309047,0.008805023299795014,0.06754187972189209,0.1680888339092166,0.1138532582472207,0.03868510788501332,0.10354241080825516,0.012270037985628285,0.05201084193380203,0.13528777432715566,0.07039808808909298,0.01926483398693657,0.02982503295002283,0.007415779093979618,9.876911020365866E-4,0.06710470497181033,0.0011949443168901655,5.408013575085573E-4,0.004242214241534192,0.03267476465425954,0.023426089941418583,0.008698158360886136,0.0012305659631931243,0.0022635937059789315,0.001528492459545144,0.16088030803009057,0.01876613093869515,0.01374995547294212,0.024931914080589118,0.030715574107596802,0.010968228729829242,0.0022700703689431056,0.011719521633673466,0.005748038380704726,0.0016806940392032409,8.743495001635358E-4,0.131064990074514,0.01566057104737355,0.058011470170109554,0.054659797086149334,0.04361384840075,0.018630121016447485,0.004284312550801325,0.001988335530001522,0.009216291398020084,3.270714796908041E-4,1.3277159076557395E-4,0.0011107476983558992,0.0014378191780467032,0.0037046512155077217,0.008769401653492055
SuicideWatch,1142,379671,0.6449452288955437,0.22735473607412734,0.13491944341284953,0.0034766942958508813,0.004324796995293294,0.01636416792433449,0.0070245027932078034,0.04548148265208562,0.19712856657474498,0.12749196014444084,0.04402759231018434,0.12895375206428725,0.010390574997827065,0.06173239462587345,0.12735499946005885,0.07467781315928791,0.031216500601836852,0.030002291457604083,0.006508266367460248,0.0033370997521538384,0.07319231650560618,0.0053124942384327484,0.0018384338018969054,0.007166731196219885,0.0510283903695568,0.026680994861340478,0.023949682751645503,0.0022677528702481887,0.008409912792918079,0.006239612717326317,0.18477576638721419,0.024887336667799225,0.01636416792433449,0.025964585127649993,0.028674826362824656,0.017225439920352095,0.004027170892693938,0.015650392049959043,0.019869834672650796,0.005067545322134164,0.0019832960642240257,0.12603806980253957,0.016235108817897602,0.05010653960929331,0.056472577573741474,0.010677665663166268,0.01400686383737499,0.005270352489392132,0.004596084504742264,0.003653162869958464,0.0010482760073853416,0.00415096228050075,0.0013090280795741577,0.0010193035549199176,0.00514656110158532,0.016972589426108395
Anxiety,1208,358066,0.628350639267621,0.2114051599425804,0.11813185278691637,0.0035272826797294356,0.006132947557154268,0.011025900253025979,0.005730787061603168,0.04970871291884736,0.18366446409321185,0.1187769852485296,0.044826931347852074,0.11766825110454497,0.008409064250724727,0.06228739952969564,0.1288393759809644,0.08069462054481576,0.02267459071791234,0.02984924566979272,0.006389883429311915,0.0015779213887942446,0.061513799132003597,0.002359900130143605,0.0011059413627655236,0.0058871828098730405,0.04730971385163629,0.02482503225662308,0.02208810666190032,0.00570285924941212,0.005420788346282529,0.00411655951696056,0.1882809314483922,0.027151419012137426,0.016876776907050656,0.023562695145587686,0.033599950847050544,0.014703993118587076,0.004133316204275189,0.01872559807409807,0.018859651572615103,0.007286366200644574,0.002354314567705395,0.13236665866069383,0.017013623186786793,0.05175861433367033,0.0600755168041646,0.011914004680701324,0.013221026291242397,0.005021420631950534,0.003918272050404115,0.00255260203426184,6.032407433266493E-4,9.551311769338613E-4,0.0013712555785804852,0.0012288237364061374,0.006116190869839638,0.013598051755821553
ADHD,857,237621,0.6108887682485975,0.19401904713808965,0.10635844475025355,0.0025881550873028897,0.007116374394519003,0.008223178927788368,0.005184726939117334,0.05243223452472635,0.17791777662748662,0.11591147247086747,0.04150727418872911,0.11538542468889534,0.008618766859831413,0.058744807908391934,0.1311500246190362,0.07805707408015285,0.02048640482112271,0.031794327942395666,0.006985914544589914,0.0018348546635187967,0.053526413911228386,0.0018222295167514655,6.186321915992273E-4,0.004974307826328481,0.03802694206320149,0.02383627709672125,0.013529948952323238,0.001708603195845485,0.0035897500641778293,0.0029290340500208313,0.17936125174121817,0.024080363267556318,0.017064990047175967,0.023958320182138785,0.03415102200563082,0.013391072337882594,0.003930629026895771,0.014851380980637234,0.017006072695595086,0.004679721068424087,0.002453486855118024,0.12440398786302558,0.013719326153833205,0.05063104691925377,0.05669111736757273,0.017982417378935363,0.01657260932325005,0.0050121832666304746,0.0022893599471427188,0.002971117872578602,4.502969013681451E-4,2.4408617083506928E-4,0.0014350583492199764,0.0013887661444064287,0.00564764898725281,0.012027556487010828
gaming,814,182813,0.5576463380612976,0.14781771537035113,0.055805659334948826,0.004211954292090825,0.013133639292610482,0.004633149721299907,0.007570577584745068,0.0687533162302462,0.1469479741593869,0.0957809346162472,0.03124504274860103,0.09292008773993096,0.01073227833906779,0.05229387406803674,0.12376581534135975,0.06933314370422235,0.01718696153993425,0.03426452166968432,0.007275193777247789,0.001887174325677058,0.0665871683085995,9.080317045286714E-4,9.682024801299689E-4,0.004294005349728958,0.04908294267913113,0.03572503049564309,0.013078938587518393,7.275193777247789E-4,0.006460153271375668,0.0025435827867821216,0.1637356205521489,0.018171574231591846,0.014982523124723078,0.02345566234348761,0.03288059383085448,0.012728854074929026,0.003364093363163451,0.013795517824224755,0.006793827572437409,0.002281019402340096,7.876901533260764E-4,0.1127490933358131,0.012876545978677665,0.05398959592589148,0.042382106305350276,0.00895997549408412,0.012958597036315798,0.025490528572913305,0.001843413761603387,0.006372632143228326,0.0016793116463271211,0.0022208486267387985,0.00221537855622959,0.0014276884029035134,0.0053442588874970595,0.01083073960823355
techsupport,4919,976698,0.5430655125739994,0.14754202424905138,0.0769070889875888,0.0015245244691808521,0.0027705595793172506,0.0014559259873574023,0.003040858074860397,0.06778144318919462,0.14339642345945217,0.09388060587817319,0.034347362234795197,0.08994182439198196,0.008895277762419909,0.050274496313087565,0.11460451439441875,0.07146835562272064,0.021424227345607342,0.029944773102842433,0.006502521762100465,5.4571628077461E-4,0.026931559192298952,4.023761695017293E-4,3.68588857558836E-4,7.218198460527205E-4,0.02696739422011717,0.018133547933957068,0.008691530032824886,4.126147488783636E-4,0.0014456874079807678,0.0014549021294197387,0.15406195159609215,0.014363703007480307,0.014399538035298526,0.020247814575232056,0.031083303129524172,0.01208357138030384,0.003215937782200844,0.014520353271942812,0.0021961752762880643,8.67207673200928E-4,4.638076457615353E-4,0.12433116480222137,0.017040067656532522,0.0514662669525278,0.05112225068547289,0.015550354357232225,0.01904375764053986,0.00969491081173505,0.0023456585351869256,0.0034514251078634336,3.122766709873472E-4,5.590264339642346E-4,9.726650407802617E-4,8.037284810657951E-4,0.002400946863820751,0.010795558094723242
opiates,656,171682,0.5962884868536015,0.18036253072541095,0.09209468668817931,0.0034715345813771973,0.009162288416956932,0.012360061043091296,0.005574259386540231,0.057897741172633126,0.17011101920993466,0.10591675306671637,0.04118661245791638,0.10775154063908855,0.009604967323307045,0.05935974650807889,0.13153388241050315,0.0762689157861628,0.019658438275416176,0.03127875956710663,0.0073216761221327805,0.005399517712980977,0.06107221490895959,0.0020211786908353817,0.001170769212847008,0.004881117414755187,0.04489113593737258,0.026607332160622547,0.01793432042963153,0.0011358208781351569,0.008451672277815962,0.0026677228830046247,0.17042555422234132,0.01923323353642199,0.015243298656819003,0.02262904672592351,0.032577672673897086,0.013921086660220641,0.004554932957444578,0.015901492293892195,0.026945166062837107,0.008399249775748185,0.0032327209608462157,0.1349704686571685,0.016309222865530458,0.05689006418844142,0.05749001060099486,0.007624561689635489,0.011591197679430575,0.004135552940902366,0.004351067671625447,0.005312146876201349,0.0011940681026549084,0.0010368005964515791,0.002393960927761792,0.0017241178457846483,0.004764622965715683,0.012552276884006477
bipolar,637,171901,0.6231668227642655,0.20526349468589478,0.11759675627250568,0.0027515837604202417,0.0054217252953735,0.01337397688204257,0.005078504488048354,0.050994467745970065,0.1873694742904346,0.123251173640642,0.04757971157817581,0.11893473569089186,0.008056963019412337,0.060342871769216,0.12878342767057782,0.07828924788104781,0.023083053618070868,0.029336653073571417,0.006689897091930821,0.0023094688221709007,0.05916195949994474,0.003007545040459334,0.0010063932146991581,0.004898168131657174,0.04474086829046951,0.02542742625115619,0.01789402039546018,0.002437449462190447,0.005194850524429759,0.0038045153896719623,0.17966736668198557,0.024967859407449635,0.015729984118766034,0.024118533341865377,0.03153559316117998,0.013723014991186788,0.003775428880576611,0.01664911780617914,0.021442574505093046,0.005968551666366106,0.00229783421853276,0.12953967690705698,0.01524133076596413,0.05152384221150546,0.05937719966725034,0.011919651427275002,0.01376955340573935,0.004403697477036201,0.003292592829593778,0.003106439171383529,7.271627273837849E-4,0.001128556552899634,0.0015823060947871158,0.0013263448147480235,0.005759128800879576,0.012483929703724818
SuggestALaptop,1541,411496,0.5108093395804576,0.130710869607481,0.039937204735890505,7.75220172249548E-4,0.043264090051908156,8.699963061609348E-4,9.720629119116589E-4,0.046717343546474326,0.13875712036082977,0.10691719968116337,0.00646907867877209,0.10061823201197581,0.015390186052841339,0.03607568481832144,0.10160487586756616,0.07690718743317068,0.017120458036044093,0.04218023990512666,0.0026999047378346327,2.30864941579019E-4,0.05334681260571184,2.721776153352645E-4,1.6282053774520288E-4,3.329315473297432E-4,0.04660069599704493,0.04330783288294419,0.002838423702782044,2.6002682893636877E-4,8.09242374166456E-4,8.554153624822598E-4,0.16832241382662286,0.015883507980636508,0.012551762350059295,0.045011373136069364,0.058787934755137355,0.010814199895017206,9.599121255127632E-4,0.019992903940743045,0.010483698504967241,4.471489394793631E-4,0.003956296051480452,0.08099228182047942,0.0279346579310613,0.037767074285047726,0.014323347007018294,0.02240118980500418,0.011436320158640666,0.014007426560647004,9.4047086727453E-4,0.015280828975251279,1.9927289694189008E-4,3.6695374924665126E-4,0.001023096214787021,9.526216536734258E-4,0.004318389486167545,0.00438886404728114
tifu,857,291063,0.5863507213215008,0.1735294420795498,0.09011794697367924,0.007754334972153795,0.004260246063566994,0.014398944558394574,0.0053905855433359785,0.07574305219144996,0.13801479404802397,0.07792814614018272,0.0591658850489413,0.06491378155244741,0.005462734871831872,0.05246286886344193,0.1423265753462309,0.07104303879228896,0.01527504354727327,0.023809278403644572,0.00789863362914558,0.005019531853928531,0.06124447284608487,0.0033841470746882978,0.001913675046295819,0.004871797514627418,0.036297983598052655,0.02056942998594806,0.015570512225875497,0.0013227376890913652,0.007355795824271721,0.0023534423818898313,0.14187306528139956,0.012736074320679715,0.010537237642709654,0.014055376327461752,0.019387555271539153,0.01046852399652309,0.00372771530562112,0.020930176628427524,0.02564736843913517,0.012770431143772997,0.005655133081154251,0.16113350030749357,0.025169808598138547,0.07594575744770032,0.0567677787970302,0.011427079360825662,0.010471959678832419,0.009125172213575755,0.009345055881372761,0.004772162727656899,0.0011578249382436104,7.180576026495982E-4,0.002305342829559236,0.0016044636384562791,0.0034288109447095645,0.009747030711564164
buildapc,10682,2626498,0.4107633053594558,0.11272310125497906,0.05006933186318817,0.0017582347292859162,0.01698801978908798,9.472689489959634E-4,0.0013417105210055368,0.04757589764012765,0.11011620796969958,0.0783891706751728,0.011436140442520802,0.07821212884989823,0.009348189109605262,0.0302593034527344,0.09207164825558596,0.04657418357067091,0.011484874536359822,0.0308079427435315,0.004067773895125753,2.630879597090879E-4,0.03521000206358429,3.0078073541270545E-4,4.515518382271755E-4,4.446986062810632E-4,0.030302326519951663,0.025764344766300983,0.0043259122984293154,3.106798482237565E-4,0.0014269951852238227,7.964978461814934E-4,0.11377354941827483,0.010321348045953204,0.009567492531880854,0.021336395458896217,0.027186009660011164,0.009958507487917372,0.0017955467698814163,0.014582154640894454,0.001325719646464608,4.2908846684825195E-4,2.23872243573001E-4,0.0793132147825736,0.00988692928759131,0.0387721597351302,0.02390102714717468,0.013175719151508967,0.018226931830901832,0.018391409397608527,0.0015031422068472924,0.012458033472707766,2.7412927784449103E-4,2.9697338433153195E-4,0.004249765276805846,8.296218005877027E-4,0.002750811156147844,0.004888258053118639
nba,564,152692,0.4883687423047704,0.09221177271893746,0.01603882325203678,0.003922929819505934,0.00492494695203416,0.014545621250622167,0.009620674298588008,0.08356691902653708,0.11544154245147094,0.07727320357320619,0.02451339952322322,0.06963691614491918,0.010635789694286538,0.037742645325229876,0.1252455924344432,0.05617190160584706,0.012548136117150865,0.032162785214680537,0.009928483483090143,7.793466586330653E-4,0.0617517617163964,3.07809184502135E-4,2.4231786865061694E-4,0.0029274618185628587,0.037310402640609856,0.02757839310507427,0.009581379509077096,5.304796583972965E-4,0.0034841380033007623,0.0027244387394231525,0.13455845754852908,0.013419170617976057,0.015455950540958269,0.017073586042490766,0.024925994813087785,0.01072092840489351,0.0033073114505016636,0.013956199407958505,0.0052196578733659914,0.002632750897231027,5.304796583972965E-4,0.11951510229743537,0.014493228197940952,0.06180415476907762,0.04017237314332119,0.013491211065412727,0.02298745186388285,0.020472585335184555,0.0010675084483797448,0.004230739004008069,2.881617897466796E-4,6.1561836900427E-4,7.727975270479134E-4,0.0011395488958164147,0.002835773976370733,0.009470044272129515
tipofmytongue,1659,256293,0.5952445053122793,0.16468651114154503,0.052490703998938716,0.0015060887343782312,0.006742283246128454,0.019095332295458713,0.008615139703386359,0.0948211617172533,0.14730796393190607,0.09951500821325593,0.04831969659725392,0.08130538095070876,0.007070033126148588,0.04862793755584429,0.12140791984174364,0.06986144764000578,0.015614940712387775,0.030004721158986003,0.009407201913435014,9.208210914851361E-4,0.08088789003211168,0.0032189720359120226,9.481335814868139E-4,0.013699164627984378,0.03430838922639323,0.02529916931012552,0.008919478877690769,6.867140343278981E-4,0.003835453953092749,0.0012836870300788551,0.16351597585575883,0.022103607979929222,0.0089506931519784,0.018170609419687622,0.04407065350985005,0.010807942472092488,0.0017362940072495152,0.02216993831279044,0.009395496560577152,0.004818703593153149,0.001744097575821423,0.11616782354570745,0.013152914827950822,0.06035670111942191,0.03985282469673382,0.008267880901936456,0.00843955941051843,0.02692231157308237,0.0035662308373619256,0.0019040707315455358,0.0010066603457761234,0.0019235796529753057,0.00141634769580129,7.257318771874378E-4,0.005688801488920883,0.007585068651894511
hardwareswap,1069,196357,0.47163075418752576,0.11041623165968109,0.04997020732645131,0.001206985236075108,0.00868316382914793,0.001380139236187149,0.003778831414209832,0.058857081743966345,0.12775709549443107,0.08387274199544707,0.02679303513498373,0.08141802940562343,0.011122598124844034,0.036464195317712125,0.11664977566371457,0.05892838044989483,0.016602412951919207,0.02998110584292895,0.0065340171218749524,4.02328412025036E-4,0.03247146778571683,5.194620003361225E-4,3.5140076493325934E-4,9.574397653254022E-4,0.03154967737335567,0.026034213193316256,0.004379777649892797,3.157514119690156E-4,0.0014616234715339918,0.0011204082360190878,0.13464760614594845,0.008622050652637797,0.012971271714275529,0.019449268424349526,0.027837051900365152,0.012273562949118189,0.002261187530874886,0.019011290659360247,0.0033408536492205523,0.0015736642951359003,5.041837062085895E-4,0.09699170388628875,0.014234277362151592,0.0494711163849519,0.029818137372235265,0.01552783959828272,0.011891605595929862,0.007267375239996537,0.0018486735894314946,0.022652617426422283,1.629684706936855E-4,5.703896474278992E-4,0.002373228354476795,0.0016449630010643879,0.002291744119129952,0.011071670477752257
